Sex,Married,Divorced,Widowed,Other
1970,0.0,0.0,0.0,100.0
1971,0.0,0.0,0.0,100.0
1980,0.0,0.0,0.0,100.0
1981,0.0,0.0,0.0,100.0
1986,0.0,0.0,0.0,100.0
1990,0.0,0.0,0.0,100.0
1991,0.0,0.0,0.0,100.0
1996,0.0,0.0,0.0,100.0
2000,0.0,0.0,0.0,100.0
2001,0.0,0.0,0.0,100.0
2006,0.0,0.0,0.0,100.0
2011,0.0,0.0,0.0,100.0
2016,0.0,0.0,0.0,100.0
Men,62.34096849292379,3.2632342709688507,3.62356453586468,30.772232700242682
Women,56.26850405097744,4.665692077108234,12.673860702508712,26.391943169405607
